timestamp,actual,predicted
2013-12-16 00:00:00,346.46027,374.18884
2013-12-16 00:10:00,335.47937,352.11285
2013-12-16 00:20:00,321.91083,334.60144
2013-12-16 00:30:00,286.60004,319.708
2013-12-16 00:40:00,299.6622,299.98712
2013-12-16 00:50:00,247.8545,290.35028
2013-12-16 01:00:00,235.49236,269.1439
2013-12-16 01:10:00,268.69864,250.50229
2013-12-16 01:20:00,252.07263,246.74532
2013-12-16 01:30:00,218.37958,240.43385
2013-12-16 01:40:00,231.68237,226.93317
2013-12-16 01:50:00,209.62328,220.5845
2013-12-16 02:00:00,209.11711,209.98578
2013-12-16 02:10:00,235.20218,201.95377
2013-12-16 02:20:00,214.24268,203.56355
2013-12-16 02:30:00,207.96501,199.85928
2013-12-16 02:40:00,218.90169,195.29819
2013-12-16 02:50:00,192.52118,194.71976
2013-12-16 03:00:00,199.50375,187.14603
2013-12-16 03:10:00,205.08748,182.73372
2013-12-16 03:20:00,198.84103,180.99933
2013-12-16 03:30:00,199.28387,178.35776
2013-12-16 03:40:00,209.12245,176.57977
2013-12-16 03:50:00,184.26079,178.15457
2013-12-16 04:00:00,201.11852,173.05058
2013-12-16 04:10:00,209.11015,173.1171
2013-12-16 04:20:00,183.43298,176.001
2013-12-16 04:30:00,199.95718,171.88339
2013-12-16 04:40:00,200.8317,172.52272
2013-12-16 04:50:00,179.1481,173.9235
2013-12-16 05:00:00,210.14604,169.58795
2013-12-16 05:10:00,205.14394,174.12033
2013-12-16 05:20:00,189.92653,177.98892
2013-12-16 05:30:00,202.23596,177.4971
2013-12-16 05:40:00,209.58281,180.239
2013-12-16 05:50:00,187.69508,185.29698
2013-12-16 06:00:00,199.13739,184.41766
2013-12-16 06:10:00,207.1426,186.42297
2013-12-16 06:20:00,193.52405,191.14642
2013-12-16 06:30:00,233.35507,192.70792
2013-12-16 06:40:00,318.2609,205.25394
2013-12-16 06:50:00,289.03192,241.69415
2013-12-16 07:00:00,270.34906,269.9889
2013-12-16 07:10:00,247.3762,287.8675
2013-12-16 07:20:00,269.4001,294.26828
2013-12-16 07:30:00,277.7562,303.10953
2013-12-16 07:40:00,299.50864,312.81253
2013-12-16 07:50:00,318.23898,327.646
2013-12-16 08:00:00,395.32355,346.7904
2013-12-16 08:10:00,432.19437,386.25146
2013-12-16 08:20:00,419.6882,435.22394
2013-12-16 08:30:00,572.12714,475.11908
2013-12-16 08:40:00,695.29205,548.8168
2013-12-16 08:50:00,704.80206,650.95184
2013-12-16 09:00:00,789.2132,744.14514
2013-12-16 09:10:00,869.79865,840.84906
2013-12-16 09:20:00,834.4706,939.9199
2013-12-16 09:30:00,946.5521,1005.5255
2013-12-16 09:40:00,943.60834,1079.167
2013-12-16 09:50:00,961.70447,1131.9817
2013-12-16 10:00:00,1011.9496,1169.9934
2013-12-16 10:10:00,947.59705,1207.2104
2013-12-16 10:20:00,1048.656,1211.849
2013-12-16 10:30:00,1179.4794,1236.6522
2013-12-16 10:40:00,1383.9191,1296.3495
2013-12-16 10:50:00,1328.7418,1411.3632
2013-12-16 11:00:00,1379.0597,1490.6874
2013-12-16 11:10:00,1550.8689,1562.0494
2013-12-16 11:20:00,1559.0098,1664.539
2013-12-16 11:30:00,1864.4413,1740.7732
2013-12-16 11:40:00,1848.016,1890.6312
2013-12-16 11:50:00,1709.3956,1995.0872
2013-12-16 12:00:00,1961.1587,2013.6082
2013-12-16 12:10:00,2086.6458,2094.2341
2013-12-16 12:20:00,1910.0787,2186.977
2013-12-16 12:30:00,2116.0876,2185.289
2013-12-16 12:40:00,2292.748,2243.8555
2013-12-16 12:50:00,2109.0095,2341.0947
2013-12-16 13:00:00,2360.4446,2340.1675
2013-12-16 13:10:00,2505.1448,2422.6853
2013-12-16 13:20:00,2585.238,2527.1506
2013-12-16 13:30:00,2969.4912,2626.1316
2013-12-16 13:40:00,3057.33,2833.6484
2013-12-16 13:50:00,2938.056,3003.039
2013-12-16 14:00:00,2866.0698,3063.1523
2013-12-16 14:10:00,2798.73,3060.2168
2013-12-16 14:20:00,2803.0942,3014.1348
2013-12-16 14:30:00,2646.84,2971.4849
2013-12-16 14:40:00,2462.6577,2873.2595
2013-12-16 14:50:00,2350.5298,2734.1592
2013-12-16 15:00:00,2328.2554,2598.9692
2013-12-16 15:10:00,2480.486,2503.648
2013-12-16 15:20:00,2310.5579,2504.7327
2013-12-16 15:30:00,2615.6433,2444.2246
2013-12-16 15:40:00,2538.4104,2531.4172
2013-12-16 15:50:00,2448.4739,2556.5383
2013-12-16 16:00:00,2772.0137,2540.4707
2013-12-16 16:10:00,2690.5195,2653.026
2013-12-16 16:20:00,2592.648,2683.848
2013-12-16 16:30:00,2785.3909,2661.857
2013-12-16 16:40:00,2619.2585,2715.853
2013-12-16 16:50:00,2633.5862,2673.0273
2013-12-16 17:00:00,2544.4758,2647.234
2013-12-16 17:10:00,2674.0369,2587.2502
2013-12-16 17:20:00,2557.1147,2595.7249
2013-12-16 17:30:00,2391.7551,2549.0005
2013-12-16 17:40:00,2553.3015,2454.193
2013-12-16 17:50:00,2696.6912,2455.5527
2013-12-16 18:00:00,2386.3591,2507.3018
2013-12-16 18:10:00,2363.5815,2417.7056
2013-12-16 18:20:00,2429.09,2355.5288
2013-12-16 18:30:00,2416.3308,2336.1545
2013-12-16 18:40:00,2332.4739,2315.7705
2013-12-16 18:50:00,2197.7908,2270.476
2013-12-16 19:00:00,2127.2327,2189.9822
2013-12-16 19:10:00,2131.437,2111.4739
2013-12-16 19:20:00,1931.2819,2061.8599
2013-12-16 19:30:00,1857.6206,1954.3177
2013-12-16 19:40:00,1720.8193,1861.4144
2013-12-16 19:50:00,1719.8895,1751.8795
2013-12-16 20:00:00,1494.5803,1684.1537
2013-12-16 20:10:00,1387.2498,1560.6796
2013-12-16 20:20:00,1310.2694,1447.9424
2013-12-16 20:30:00,1161.1025,1350.1909
2013-12-16 20:40:00,1097.789,1238.0411
2013-12-16 20:50:00,1052.019,1147.8118
2013-12-16 21:00:00,966.3625,1076.8231
2013-12-16 21:10:00,789.50476,1005.5544
2013-12-16 21:20:00,889.26215,903.7034
2013-12-16 21:30:00,790.8689,872.48413
2013-12-16 21:40:00,795.4714,821.6076
2013-12-16 21:50:00,769.1046,793.26245
2013-12-16 22:00:00,695.05756,767.93726
2013-12-16 22:10:00,614.00037,729.1321
2013-12-16 22:20:00,642.0887,677.8285
2013-12-16 22:30:00,682.7367,651.50574
2013-12-16 22:40:00,582.5713,646.81726
2013-12-16 22:50:00,860.38293,614.4095
2013-12-16 23:00:00,633.47144,679.28046
2013-12-16 23:10:00,543.3787,656.97046
2013-12-16 23:20:00,597.4092,613.4534
2013-12-16 23:30:00,610.5447,595.5926
2013-12-16 23:40:00,333.73605,586.0326
2013-12-16 23:50:00,394.0917,496.1599
2013-12-17 00:00:00,417.16583,447.56964
2013-12-17 00:10:00,311.1909,420.04712
2013-12-17 00:20:00,445.8625,372.68652
2013-12-17 00:30:00,342.1666,380.3955
2013-12-17 00:40:00,318.08643,360.82904
2013-12-17 00:50:00,304.5793,341.49524
2013-12-17 01:00:00,302.76498,323.99152
2013-12-17 01:10:00,232.73166,311.38684
2013-12-17 01:20:00,268.7748,282.95947
2013-12-17 01:30:00,226.48288,271.66873
2013-12-17 01:40:00,187.17807,252.75125
2013-12-17 01:50:00,223.17186,227.8714
2013-12-17 02:00:00,234.36075,219.19511
2013-12-17 02:10:00,216.70508,217.83658
2013-12-17 02:20:00,229.82294,213.86948
2013-12-17 02:30:00,209.51703,215.1701
2013-12-17 02:40:00,183.1384,211.25284
2013-12-17 02:50:00,202.82635,200.3884
2013-12-17 03:00:00,204.51138,196.32385
2013-12-17 03:10:00,173.6049,194.12595
2013-12-17 03:20:00,195.62657,184.34036
2013-12-17 03:30:00,199.54,181.9344
2013-12-17 03:40:00,188.96452,182.10892
2013-12-17 03:50:00,206.67401,180.1092
2013-12-17 04:00:00,213.5412,183.4209
2013-12-17 04:10:00,164.3832,188.95093
2013-12-17 04:20:00,205.71875,180.46722
2013-12-17 04:30:00,189.8338,182.94656
2013-12-17 04:40:00,165.30069,182.10544
2013-12-17 04:50:00,211.25015,174.62598
2013-12-17 05:00:00,207.73288,180.29749
2013-12-17 05:10:00,186.83727,186.4544
2013-12-17 05:20:00,212.57007,186.77599
2013-12-17 05:30:00,199.12,193.47601
2013-12-17 05:40:00,189.68364,196.65485
2013-12-17 05:50:00,206.41656,196.65503
2013-12-17 06:00:00,199.14429,201.04315
2013-12-17 06:10:00,175.57236,203.79285
2013-12-17 06:20:00,211.8952,200.05954
2013-12-17 06:30:00,229.97296,206.21655
2013-12-17 06:40:00,222.11827,218.96951
2013-12-17 06:50:00,266.95532,229.91655
2013-12-17 07:00:00,266.6577,251.75449
2013-12-17 07:10:00,264.9794,272.90482
2013-12-17 07:20:00,299.75565,290.67255
2013-12-17 07:30:00,341.219,314.23282
2013-12-17 07:40:00,302.00635,346.53265
2013-12-17 07:50:00,336.06754,364.6632
2013-12-17 08:00:00,375.1931,386.01788
2013-12-17 08:10:00,397.58102,414.3985
2013-12-17 08:20:00,489.18375,445.51794
2013-12-17 08:30:00,534.2422,497.3811
2013-12-17 08:40:00,660.0387,557.354
2013-12-17 08:50:00,617.42114,644.13043
2013-12-17 09:00:00,824.71655,708.61914
2013-12-17 09:10:00,862.9117,814.3077
2013-12-17 09:20:00,903.38446,916.75775
2013-12-17 09:30:00,993.2106,1008.70526
2013-12-17 09:40:00,1057.9623,1102.038
2013-12-17 09:50:00,1036.0688,1190.3763
2013-12-17 10:00:00,1217.5115,1246.5833
2013-12-17 10:10:00,1188.2633,1333.7168
2013-12-17 10:20:00,1214.9235,1390.6512
2013-12-17 10:30:00,1532.3738,1433.5752
2013-12-17 10:40:00,1466.2655,1558.6108
2013-12-17 10:50:00,1664.7877,1639.5103
2013-12-17 11:00:00,1818.2194,1758.9102
2013-12-17 11:10:00,1694.5822,1896.0967
2013-12-17 11:20:00,1874.4421,1952.6995
2013-12-17 11:30:00,2035.2654,2038.5192
2013-12-17 11:40:00,2138.9644,2146.281
2013-12-17 11:50:00,2250.6003,2252.9287
2013-12-17 12:00:00,2388.473,2361.3716
2013-12-17 12:10:00,2460.7341,2478.9338
2013-12-17 12:20:00,2415.1035,2578.3137
2013-12-17 12:30:00,2763.068,2620.345
2013-12-17 12:40:00,2744.7373,2763.7705
2013-12-17 12:50:00,2774.4429,2847.2651
2013-12-17 13:00:00,3062.4578,2907.464
2013-12-17 13:10:00,3291.7275,3047.3435
2013-12-17 13:20:00,3444.106,3221.6116
2013-12-17 13:30:00,3373.3855,3392.1216
2013-12-17 13:40:00,3342.427,3467.8418
2013-12-17 13:50:00,3505.4324,3492.6116
2013-12-17 14:00:00,3803.9375,3559.8782
2013-12-17 14:10:00,3543.5134,3712.65
2013-12-17 14:20:00,3208.6392,3693.9126
2013-12-17 14:30:00,3234.5732,3541.059
2013-12-17 14:40:00,3110.6792,3448.212
2013-12-17 14:50:00,3139.6963,3328.533
2013-12-17 15:00:00,2945.2466,3265.9746
2013-12-17 15:10:00,2766.0857,3146.8882
2013-12-17 15:20:00,3100.932,3004.36
2013-12-17 15:30:00,3517.678,3055.4197
2013-12-17 15:40:00,3524.895,3255.2087
2013-12-17 15:50:00,3358.1033,3383.3438
2013-12-17 16:00:00,3876.9597,3396.1082
2013-12-17 16:10:00,3759.038,3617.149
2013-12-17 16:20:00,3837.1492,3681.6423
2013-12-17 16:30:00,3774.914,3749.0325
2013-12-17 16:40:00,3495.1526,3747.4136
2013-12-17 16:50:00,3764.5986,3613.992
2013-12-17 17:00:00,3746.0464,3640.8127
2013-12-17 17:10:00,3641.88,3631.6484
2013-12-17 17:20:00,3795.984,3578.1797
2013-12-17 17:30:00,3566.9692,3609.5518
2013-12-17 17:40:00,3228.2769,3521.2625
2013-12-17 17:50:00,3273.0974,3324.785
2013-12-17 18:00:00,3197.3655,3225.636
2013-12-17 18:10:00,3225.8516,3125.6133
2013-12-17 18:20:00,2850.039,3077.5637
2013-12-17 18:30:00,3065.798,2890.8508
2013-12-17 18:40:00,2853.2896,2875.1438
2013-12-17 18:50:00,2902.8008,2770.0571
2013-12-17 19:00:00,2814.6863,2732.6433
2013-12-17 19:10:00,2951.324,2671.246
2013-12-17 19:20:00,2730.4817,2690.7422
2013-12-17 19:30:00,2447.7034,2609.285
2013-12-17 19:40:00,2416.3674,2450.161
2013-12-17 19:50:00,2257.1748,2341.712
2013-12-17 20:00:00,2049.7354,2209.0747
2013-12-17 20:10:00,1769.0593,2049.9524
2013-12-17 20:20:00,1671.0309,1848.9832
2013-12-17 20:30:00,1472.355,1693.7487
2013-12-17 20:40:00,1444.2585,1527.157
2013-12-17 20:50:00,1219.8506,1420.4009
2013-12-17 21:00:00,1171.9624,1277.943
2013-12-17 21:10:00,1066.5072,1179.9193
2013-12-17 21:20:00,1065.6753,1085.5342
2013-12-17 21:30:00,1107.4401,1030.8773
2013-12-17 21:40:00,1170.1951,1014.201
2013-12-17 21:50:00,881.85944,1028.8883
2013-12-17 22:00:00,747.4791,944.80566
2013-12-17 22:10:00,636.772,848.7216
2013-12-17 22:20:00,549.43256,747.7746
2013-12-17 22:30:00,636.7148,652.66534
2013-12-17 22:40:00,583.74817,618.70294
2013-12-17 22:50:00,538.8654,582.284
2013-12-17 23:00:00,543.96155,548.5079
2013-12-17 23:10:00,439.51578,530.23157
2013-12-17 23:20:00,424.59024,487.6753
2013-12-17 23:30:00,452.19907,455.10327
2013-12-17 23:40:00,361.02264,441.4231
2013-12-17 23:50:00,371.86603,405.82025
2013-12-18 00:00:00,434.7364,384.85858
2013-12-18 00:10:00,406.53528,389.47632
2013-12-18 00:20:00,314.7144,386.38556
2013-12-18 00:30:00,311.52432,358.09344
2013-12-18 00:40:00,268.64502,335.77423
2013-12-18 00:50:00,269.08862,306.47623
2013-12-18 01:00:00,303.09613,285.15125
2013-12-18 01:10:00,274.72974,280.25668
2013-12-18 01:20:00,234.28204,270.57156
2013-12-18 01:30:00,258.46707,252.90065
2013-12-18 01:40:00,235.9508,246.64641
2013-12-18 01:50:00,214.01556,236.53075
2013-12-18 02:00:00,244.06613,223.14987
2013-12-18 02:10:00,221.39583,221.62372
2013-12-18 02:20:00,390.53134,215.27664
2013-12-18 02:30:00,385.1137,258.52264
2013-12-18 02:40:00,443.73373,295.04156
2013-12-18 02:50:00,424.52182,340.53442
2013-12-18 03:00:00,514.8599,369.9552
2013-12-18 03:10:00,243.27391,415.20325
2013-12-18 03:20:00,216.10474,371.4209
2013-12-18 03:30:00,226.1257,318.61475
2013-12-18 03:40:00,232.07373,275.26312
2013-12-18 03:50:00,208.05132,243.85202
2013-12-18 04:00:00,225.40233,216.26173
2013-12-18 04:10:00,227.49486,203.29735
2013-12-18 04:20:00,215.54005,198.68228
2013-12-18 04:30:00,227.6982,195.98706
2013-12-18 04:40:00,220.47952,199.90192
2013-12-18 04:50:00,219.93323,203.51291
2013-12-18 05:00:00,234.73874,207.45248
2013-12-18 05:10:00,256.21884,215.36377
2013-12-18 05:20:00,246.57613,228.62994
2013-12-18 05:30:00,248.08905,237.92343
2013-12-18 05:40:00,257.0533,245.37994
2013-12-18 05:50:00,243.37932,253.31618
2013-12-18 06:00:00,263.1779,255.98235
2013-12-18 06:10:00,227.68663,262.70755
2013-12-18 06:20:00,237.63649,259.25476
2013-12-18 06:30:00,320.8879,257.5524
2013-12-18 06:40:00,246.09839,279.9218
2013-12-18 06:50:00,260.01495,283.01038
2013-12-18 07:00:00,350.64963,287.22623
2013-12-18 07:10:00,396.91443,316.15967
2013-12-18 07:20:00,404.74667,358.75208
2013-12-18 07:30:00,444.64056,400.05853
2013-12-18 07:40:00,383.8241,445.4124
2013-12-18 07:50:00,396.3336,466.26575
2013-12-18 08:00:00,413.65237,480.81067
2013-12-18 08:10:00,642.7808,494.3612
2013-12-18 08:20:00,541.2099,568.57544
2013-12-18 08:30:00,618.90344,613.13416
2013-12-18 08:40:00,646.4804,666.66943
2013-12-18 08:50:00,736.52924,718.4644
2013-12-18 09:00:00,844.3093,784.11255
2013-12-18 09:10:00,899.5496,869.4843
2013-12-18 09:20:00,958.5369,956.3169
2013-12-18 09:30:00,1156.951,1041.565
2013-12-18 09:40:00,1070.9885,1165.5682
2013-12-18 09:50:00,1130.0845,1239.911
2013-12-18 10:00:00,1296.178,1302.6636
2013-12-18 10:10:00,1440.553,1392.74
2013-12-18 10:20:00,1529.7799,1504.9087
2013-12-18 10:30:00,1691.0552,1617.722
2013-12-18 10:40:00,1911.0961,1751.1389
2013-12-18 10:50:00,1785.5616,1919.6913
2013-12-18 11:00:00,2071.8499,1999.4222
2013-12-18 11:10:00,2104.384,2136.5664
2013-12-18 11:20:00,2088.5828,2238.009
2013-12-18 11:30:00,2219.114,2292.5972
2013-12-18 11:40:00,2249.7117,2361.3513
2013-12-18 11:50:00,2448.1501,2409.023
2013-12-18 12:00:00,2599.8909,2504.2717
2013-12-18 12:10:00,2445.932,2621.3943
2013-12-18 12:20:00,2537.695,2642.0242
2013-12-18 12:30:00,2588.7942,2680.2622
2013-12-18 12:40:00,2524.9182,2715.363
2013-12-18 12:50:00,2801.2405,2708.376
2013-12-18 13:00:00,2847.3315,2802.9656
2013-12-18 13:10:00,3144.238,2880.8994
2013-12-18 13:20:00,3527.2244,3047.6475
2013-12-18 13:30:00,3725.421,3305.8938
2013-12-18 13:40:00,3822.5183,3551.914
2013-12-18 13:50:00,3866.7158,3744.3904
2013-12-18 14:00:00,3877.3699,3871.978
2013-12-18 14:10:00,3581.2974,3939.0679
2013-12-18 14:20:00,3756.3367,3838.245
2013-12-18 14:30:00,3436.1636,3836.2212
2013-12-18 14:40:00,3591.0415,3683.5947
2013-12-18 14:50:00,3316.7224,3654.7463
2013-12-18 15:00:00,3167.509,3514.196
2013-12-18 15:10:00,3138.919,3371.316
2013-12-18 15:20:00,3047.273,3271.634
2013-12-18 15:30:00,3150.5264,3172.341
2013-12-18 15:40:00,2938.9463,3157.73
2013-12-18 15:50:00,3039.379,3060.1255
2013-12-18 16:00:00,3118.2083,3046.5579
2013-12-18 16:10:00,3213.4922,3065.6963
2013-12-18 16:20:00,3012.9036,3114.0183
2013-12-18 16:30:00,2953.8875,3055.848
2013-12-18 16:40:00,2920.7847,2993.9434
2013-12-18 16:50:00,2932.362,2933.5217
2013-12-18 17:00:00,3075.2095,2893.624
2013-12-18 17:10:00,3023.2144,2921.4626
2013-12-18 17:20:00,2955.8096,2910.555
2013-12-18 17:30:00,2909.414,2874.316
2013-12-18 17:40:00,2701.2969,2828.8604
2013-12-18 17:50:00,2824.2446,2711.0286
2013-12-18 18:00:00,2610.1592,2686.5737
2013-12-18 18:10:00,2438.9463,2577.6785
2013-12-18 18:20:00,2638.442,2444.867
2013-12-18 18:30:00,2572.8606,2441.769
2013-12-18 18:40:00,2564.8267,2408.8516
2013-12-18 18:50:00,2356.0193,2388.9033
2013-12-18 19:00:00,2361.8774,2294.7031
2013-12-18 19:10:00,2249.49,2240.8972
2013-12-18 19:20:00,2056.9507,2160.909
2013-12-18 19:30:00,2078.2659,2038.3784
2013-12-18 19:40:00,2282.8704,1972.1342
2013-12-18 19:50:00,2069.832,2007.2605
2013-12-18 20:00:00,1856.3398,1948.83
2013-12-18 20:10:00,1593.6848,1838.8557
2013-12-18 20:20:00,1380.7185,1674.2091
2013-12-18 20:30:00,1368.4242,1494.2579
2013-12-18 20:40:00,1136.7921,1377.6458
2013-12-18 20:50:00,1057.0448,1224.029
2013-12-18 21:00:00,952.5083,1106.016
2013-12-18 21:10:00,885.5504,999.7426
2013-12-18 21:20:00,945.30396,915.0627
2013-12-18 21:30:00,955.2644,885.9937
2013-12-18 21:40:00,908.50287,875.77155
2013-12-18 21:50:00,948.1962,859.28894
2013-12-18 22:00:00,824.9544,865.0555
2013-12-18 22:10:00,795.2902,830.0671
2013-12-18 22:20:00,611.88983,797.60095
2013-12-18 22:30:00,578.9331,715.61066
2013-12-18 22:40:00,579.75836,648.76416
2013-12-18 22:50:00,505.07068,602.6986
2013-12-18 23:00:00,457.73096,549.6751
2013-12-18 23:10:00,554.7294,501.2342
2013-12-18 23:20:00,463.84952,499.7107
2013-12-18 23:30:00,405.31708,474.66644
2013-12-18 23:40:00,362.23328,442.0876
2013-12-18 23:50:00,315.83978,406.75885
2013-12-19 00:00:00,274.1597,368.2572
2013-12-19 00:10:00,267.61264,329.034
2013-12-19 00:20:00,269.4348,299.8074
2013-12-19 00:30:00,251.59937,280.97357
2013-12-19 00:40:00,241.11076,264.40503
2013-12-19 00:50:00,217.61388,251.06148
2013-12-19 01:00:00,203.93837,235.84059
2013-12-19 01:10:00,204.19022,221.30753
2013-12-19 01:20:00,169.83192,211.02487
2013-12-19 01:30:00,162.9695,194.27309
2013-12-19 01:40:00,188.53651,179.60602
2013-12-19 01:50:00,145.82474,175.92325
2013-12-19 02:00:00,147.1228,162.44415
2013-12-19 02:10:00,160.85327,152.17705
2013-12-19 02:20:00,167.06288,148.2928
2013-12-19 02:30:00,144.11838,147.92299
2013-12-19 02:40:00,168.72066,141.97769
2013-12-19 02:50:00,163.0736,143.68651
2013-12-19 03:00:00,140.6902,144.09308
2013-12-19 03:10:00,169.9931,138.1343
2013-12-19 03:20:00,146.30841,140.45346
2013-12-19 03:30:00,139.73344,136.48862
2013-12-19 03:40:00,157.53612,130.77882
2013-12-19 03:50:00,149.2089,130.5792
2013-12-19 04:00:00,137.03987,128.92673
2013-12-19 04:10:00,161.42363,124.35697
2013-12-19 04:20:00,149.15988,127.006714
2013-12-19 04:30:00,137.69418,127.092636
2013-12-19 04:40:00,167.33061,124.06021
2013-12-19 04:50:00,163.06259,129.275
2013-12-19 05:00:00,148.12737,134.03134
2013-12-19 05:10:00,192.28413,134.36555
2013-12-19 05:20:00,164.71341,146.04185
2013-12-19 05:30:00,144.27452,150.56738
2013-12-19 05:40:00,199.8322,147.9414
2013-12-19 05:50:00,156.3342,159.37274
2013-12-19 06:00:00,143.32224,160.3138
2013-12-19 06:10:00,201.51146,156.08624
2013-12-19 06:20:00,182.49237,167.41187
2013-12-19 06:30:00,133.89032,175.92984
2013-12-19 06:40:00,189.73953,170.51169
2013-12-19 06:50:00,187.93494,178.67236
2013-12-19 07:00:00,209.46092,188.64844
2013-12-19 07:10:00,197.42627,204.53967
2013-12-19 07:20:00,212.6369,217.16393
2013-12-19 07:30:00,216.06082,231.87476
2013-12-19 07:40:00,261.43173,246.55621
2013-12-19 07:50:00,296.271,272.31866
2013-12-19 08:00:00,342.76184,306.61276
2013-12-19 08:10:00,346.69257,350.79547
2013-12-19 08:20:00,422.2298,391.6065
2013-12-19 08:30:00,488.4608,445.2964
2013-12-19 08:40:00,604.7331,511.32605
2013-12-19 08:50:00,607.37067,600.4575
2013-12-19 09:00:00,717.09607,679.88007
2013-12-19 09:10:00,744.41266,772.1602
2013-12-19 09:20:00,885.86914,855.57025
2013-12-19 09:30:00,956.97504,959.2751
2013-12-19 09:40:00,974.42224,1064.6337
2013-12-19 09:50:00,1099.8969,1150.7053
2013-12-19 10:00:00,1223.0265,1247.9524
2013-12-19 10:10:00,1343.774,1357.7234
2013-12-19 10:20:00,1372.3713,1478.0312
2013-12-19 10:30:00,1541.0254,1575.9116
2013-12-19 10:40:00,1538.6102,1694.0667
2013-12-19 10:50:00,1767.8145,1777.6992
2013-12-19 11:00:00,1720.5001,1902.0751
2013-12-19 11:10:00,1655.2976,1974.4661
2013-12-19 11:20:00,1764.8962,1992.0654
2013-12-19 11:30:00,1819.6342,2023.1857
2013-12-19 11:40:00,2052.6956,2054.163
2013-12-19 11:50:00,2101.9968,2150.531
2013-12-19 12:00:00,2135.1353,2238.1958
2013-12-19 12:10:00,2269.4614,2310.024
2013-12-19 12:20:00,2298.473,2402.012
2013-12-19 12:30:00,2442.7434,2470.4429
2013-12-19 12:40:00,2534.7808,2562.2256
2013-12-19 12:50:00,2562.879,2651.6765
2013-12-19 13:00:00,2649.3838,2715.5984
2013-12-19 13:10:00,3079.7336,2782.13
2013-12-19 13:20:00,2879.3525,2981.728
2013-12-19 13:30:00,3051.9824,3032.4604
2013-12-19 13:40:00,3203.688,3126.6196
2013-12-19 13:50:00,3184.9202,3234.8215
2013-12-19 14:00:00,3255.8198,3287.8057
2013-12-19 14:10:00,3134.402,3341.312
2013-12-19 14:20:00,3258.1519,3315.9421
2013-12-19 14:30:00,3144.569,3341.6863
2013-12-19 14:40:00,3201.7524,3302.175
2013-12-19 14:50:00,2828.0125,3297.135
2013-12-19 15:00:00,3105.1987,3135.4868
2013-12-19 15:10:00,2825.0269,3147.448
2013-12-19 15:20:00,2680.8604,3031.733
2013-12-19 15:30:00,2901.1643,2905.7144
2013-12-19 15:40:00,2752.3262,2914.4
2013-12-19 15:50:00,2739.1606,2855.0352
2013-12-19 16:00:00,2807.927,2816.8047
2013-12-19 16:10:00,2584.6472,2818.2583
2013-12-19 16:20:00,2495.2998,2725.3875
2013-12-19 16:30:00,2745.7068,2631.3352
2013-12-19 16:40:00,2450.8027,2667.0461
2013-12-19 16:50:00,2718.5146,2563.5469
2013-12-19 17:00:00,2651.8245,2608.6135
2013-12-19 17:10:00,2449.5356,2600.5713
2013-12-19 17:20:00,2364.177,2514.7117
2013-12-19 17:30:00,2622.1045,2424.7285
2013-12-19 17:40:00,2355.841,2463.6802
2013-12-19 17:50:00,2382.0017,2375.6416
2013-12-19 18:00:00,2420.4246,2333.9658
2013-12-19 18:10:00,2299.2363,2317.3533
2013-12-19 18:20:00,2240.3677,2257.129
2013-12-19 18:30:00,2492.787,2196.5022
2013-12-19 18:40:00,2202.0068,2253.2651
2013-12-19 18:50:00,2133.3738,2172.5386
2013-12-19 19:00:00,2326.3213,2099.893
2013-12-19 19:10:00,1970.2568,2123.8079
2013-12-19 19:20:00,1808.8307,1999.6393
2013-12-19 19:30:00,1778.7732,1865.6606
2013-12-19 19:40:00,1635.7878,1767.7574
2013-12-19 19:50:00,1787.2637,1652.5267
2013-12-19 20:00:00,1440.8885,1638.1802
2013-12-19 20:10:00,1445.5645,1505.5461
2013-12-19 20:20:00,1165.559,1430.2501
2013-12-19 20:30:00,983.61755,1283.4291
2013-12-19 20:40:00,1067.5725,1130.4354
2013-12-19 20:50:00,1064.6183,1062.3312
2013-12-19 21:00:00,953.12775,1019.95575
2013-12-19 21:10:00,991.1119,961.5815
2013-12-19 21:20:00,837.1152,941.52966
2013-12-19 21:30:00,743.8279,880.44324
2013-12-19 21:40:00,719.13165,812.167
2013-12-19 21:50:00,640.9126,758.87994
2013-12-19 22:00:00,713.2597,698.8207
2013-12-19 22:10:00,645.8009,682.964
2013-12-19 22:20:00,572.8274,653.28455
2013-12-19 22:30:00,602.1083,612.80096
2013-12-19 22:40:00,612.77606,594.9923
2013-12-19 22:50:00,511.6284,587.0977
2013-12-19 23:00:00,441.11316,552.23724
2013-12-19 23:10:00,420.6894,506.46033
2013-12-19 23:20:00,422.76392,467.2199
2013-12-19 23:30:00,424.8138,440.35742
2013-12-19 23:40:00,384.16812,423.5512
2013-12-19 23:50:00,292.0899,401.70978
2013-12-20 00:00:00,320.85486,360.14594
2013-12-20 00:10:00,295.0888,338.34653
2013-12-20 00:20:00,295.93073,316.3422
2013-12-20 00:30:00,256.09354,302.10083
2013-12-20 00:40:00,206.02028,281.82983
2013-12-20 00:50:00,217.92496,253.19612
2013-12-20 01:00:00,242.26108,235.26561
2013-12-20 01:10:00,174.30728,230.06557
2013-12-20 01:20:00,178.3625,209.0842
2013-12-20 01:30:00,175.14632,194.15976
2013-12-20 01:40:00,152.33878,182.5441
2013-12-20 01:50:00,180.40874,168.19852
2013-12-20 02:00:00,171.04825,165.36485
2013-12-20 02:10:00,161.85028,162.14883
2013-12-20 02:20:00,185.78027,157.73276
2013-12-20 02:30:00,189.96631,161.01157
2013-12-20 02:40:00,159.52864,165.59824
2013-12-20 02:50:00,174.6532,161.06277
2013-12-20 03:00:00,173.67648,160.24628
2013-12-20 03:10:00,210.40674,159.27258
2013-12-20 03:20:00,215.73897,168.40656
2013-12-20 03:30:00,178.25208,178.4729
2013-12-20 03:40:00,188.90144,176.57458
2013-12-20 03:50:00,167.10315,175.96701
2013-12-20 04:00:00,169.19829,169.08005
2013-12-20 04:10:00,178.6727,163.01263
2013-12-20 04:20:00,154.45125,160.77042
2013-12-20 04:30:00,164.45602,153.4091
2013-12-20 04:40:00,150.4502,150.03549
2013-12-20 04:50:00,157.78348,144.66333
2013-12-20 05:00:00,150.87732,142.83319
2013-12-20 05:10:00,154.2366,140.8787
2013-12-20 05:20:00,181.19868,140.99203
2013-12-20 05:30:00,191.88644,149.56152
2013-12-20 05:40:00,183.43315,162.20189
2013-12-20 05:50:00,154.46097,171.97668
2013-12-20 06:00:00,191.37866,172.32297
2013-12-20 06:10:00,142.15965,180.8393
2013-12-20 06:20:00,163.77124,176.50858
2013-12-20 06:30:00,186.41087,176.4357
2013-12-20 06:40:00,174.1565,184.18307
2013-12-20 06:50:00,208.78217,189.82822
2013-12-20 07:00:00,232.60472,204.58344
2013-12-20 07:10:00,239.04327,226.92735
2013-12-20 07:20:00,270.35873,249.82956
2013-12-20 07:30:00,315.4997,278.37695
2013-12-20 07:40:00,319.71826,316.44354
2013-12-20 07:50:00,377.85233,351.8883
2013-12-20 08:00:00,352.55075,397.31604
2013-12-20 08:10:00,383.3799,429.5918
2013-12-20 08:20:00,457.79138,461.35052
2013-12-20 08:30:00,519.1235,506.31726
2013-12-20 08:40:00,592.0156,562.66754
2013-12-20 08:50:00,682.51196,632.4463
2013-12-20 09:00:00,815.2566,718.192
2013-12-20 09:10:00,893.1666,828.9464
2013-12-20 09:20:00,951.8006,946.40515
2013-12-20 09:30:00,889.6657,1057.1971
2013-12-20 09:40:00,1044.0208,1121.5497
2013-12-20 09:50:00,1141.5233,1202.6837
2013-12-20 10:00:00,1331.022,1291.3892
2013-12-20 10:10:00,1221.182,1415.6866
2013-12-20 10:20:00,1363.3949,1479.4745
2013-12-20 10:30:00,1549.3873,1557.6484
2013-12-20 10:40:00,1544.8607,1670.0414
2013-12-20 10:50:00,1697.7924,1752.7955
2013-12-20 11:00:00,1738.7125,1855.0997
2013-12-20 11:10:00,1758.3699,1938.6428
2013-12-20 11:20:00,1717.3818,1997.0806
2013-12-20 11:30:00,2046.7505,2013.7589
2013-12-20 11:40:00,1989.8289,2124.7737
2013-12-20 11:50:00,2381.0547,2184.702
2013-12-20 12:00:00,2271.2346,2358.4546
2013-12-20 12:10:00,2400.4788,2443.5303
2013-12-20 12:20:00,2226.8408,2540.5479
2013-12-20 12:30:00,2358.4517,2532.5547
2013-12-20 12:40:00,2492.564,2559.0388
2013-12-20 12:50:00,2654.9883,2614.5525
2013-12-20 13:00:00,2834.7441,2707.9172
2013-12-20 13:10:00,2796.3367,2836.902
2013-12-20 13:20:00,3057.3894,2906.188
2013-12-20 13:30:00,3188.3403,3047.1243
2013-12-20 13:40:00,3221.681,3182.8022
2013-12-20 13:50:00,3524.6064,3277.5537
2013-12-20 14:00:00,3223.6047,3450.595
2013-12-20 14:10:00,3420.8806,3428.2024
2013-12-20 14:20:00,3430.3384,3485.4873
2013-12-20 14:30:00,3298.1099,3509.6035
2013-12-20 14:40:00,3026.8647,3462.7532
2013-12-20 14:50:00,3372.5327,3315.548
2013-12-20 15:00:00,3101.176,3360.95
2013-12-20 15:10:00,3045.3306,3267.735
2013-12-20 15:20:00,3055.932,3192.7861
2013-12-20 15:30:00,2986.7651,3147.8892
2013-12-20 15:40:00,3136.2236,3089.391
2013-12-20 15:50:00,3131.0835,3114.8064
2013-12-20 16:00:00,3260.1055,3124.687
2013-12-20 16:10:00,3274.4448,3183.796
2013-12-20 16:20:00,3278.2551,3220.951
2013-12-20 16:30:00,3278.9111,3240.8057
2013-12-20 16:40:00,3529.7249,3245.9395
2013-12-20 16:50:00,3394.1943,3345.3767
2013-12-20 17:00:00,3234.207,3337.4873
2013-12-20 17:10:00,3389.9429,3262.0625
2013-12-20 17:20:00,3076.8206,3273.8464
2013-12-20 17:30:00,3169.0256,3137.6777
2013-12-20 17:40:00,3152.8132,3093.7095
2013-12-20 17:50:00,2945.257,3050.8433
2013-12-20 18:00:00,2751.2407,2936.7375
2013-12-20 18:10:00,2526.0862,2789.1006
2013-12-20 18:20:00,2513.12,2606.9414
2013-12-20 18:30:00,2452.489,2491.2878
2013-12-20 18:40:00,2226.295,2394.881
2013-12-20 18:50:00,2231.8542,2249.4646
2013-12-20 19:00:00,2045.1724,2168.0432
2013-12-20 19:10:00,1932.1818,2045.7671
2013-12-20 19:20:00,1809.0939,1931.8707
2013-12-20 19:30:00,1682.2748,1816.667
2013-12-20 19:40:00,1658.5394,1700.1372
2013-12-20 19:50:00,1627.1318,1621.2804
2013-12-20 20:00:00,1571.7871,1562.1057
2013-12-20 20:10:00,1417.9408,1507.7472
2013-12-20 20:20:00,1296.3013,1421.0006
2013-12-20 20:30:00,1142.2091,1325.4714
2013-12-20 20:40:00,1166.7402,1211.4854
2013-12-20 20:50:00,1058.7,1148.4503
2013-12-20 21:00:00,881.5584,1071.7358
2013-12-20 21:10:00,897.3151,966.0309
2013-12-20 21:20:00,777.0237,905.51843
2013-12-20 21:30:00,764.11475,827.759
2013-12-20 21:40:00,716.72864,776.0355
2013-12-20 21:50:00,641.44116,729.04956
2013-12-20 22:00:00,796.38336,676.7553
2013-12-20 22:10:00,612.7666,693.5691
2013-12-20 22:20:00,640.7963,649.3293
2013-12-20 22:30:00,594.87897,630.606
2013-12-20 22:40:00,603.3621,603.3194
2013-12-20 22:50:00,514.1577,587.75726
2013-12-20 23:00:00,460.33047,550.02496
2013-12-20 23:10:00,372.44223,507.42865
2013-12-20 23:20:00,336.6107,450.6582
2013-12-20 23:30:00,280.37225,399.89838
2013-12-20 23:40:00,322.41583,348.21002
2013-12-20 23:50:00,283.0952,325.59296
2013-12-21 00:00:00,408.79404,301.32257
2013-12-21 00:10:00,251.38527,323.65253
2013-12-21 00:20:00,240.89424,298.39655
2013-12-21 00:30:00,218.96947,276.68506
2013-12-21 00:40:00,215.77422,253.61551
2013-12-21 00:50:00,185.72182,235.52701
2013-12-21 01:00:00,219.38432,214.15802
2013-12-21 01:10:00,211.29134,208.23282
2013-12-21 01:20:00,178.29422,203.24683
2013-12-21 01:30:00,155.89795,191.32196
2013-12-21 01:40:00,151.62741,175.81339
2013-12-21 01:50:00,149.15114,162.37184
2013-12-21 02:00:00,150.27457,151.60016
2013-12-21 02:10:00,152.6425,144.16452
2013-12-21 02:20:00,146.2899,139.87527
2013-12-21 02:30:00,124.0086,135.55943
2013-12-21 02:40:00,140.75584,126.33447
2013-12-21 02:50:00,125.731995,123.177124
2013-12-21 03:00:00,123.58931,117.25228
2013-12-21 03:10:00,146.92789,111.81182
2013-12-21 03:20:00,124.38357,113.93968
2013-12-21 03:30:00,133.63643,110.6383
2013-12-21 03:40:00,151.0685,109.995766
2013-12-21 03:50:00,124.377426,114.512924
2013-12-21 04:00:00,127.7924,111.75893
2013-12-21 04:10:00,139.45918,109.43511
2013-12-21 04:20:00,113.931465,110.57246
2013-12-21 04:30:00,122.52346,105.249016
2013-12-21 04:40:00,140.0016,102.34227
2013-12-21 04:50:00,114.012665,105.28307
2013-12-21 05:00:00,134.51648,102.23762
2013-12-21 05:10:00,143.63506,104.6789
2013-12-21 05:20:00,108.21252,110.689926
2013-12-21 05:30:00,125.43553,107.47548
2013-12-21 05:40:00,124.96249,108.186806
2013-12-21 05:50:00,126.73487,109.90904
2013-12-21 06:00:00,122.21121,112.70455
2013-12-21 06:10:00,121.18922,114.85039
2013-12-21 06:20:00,108.15403,116.97443
2013-12-21 06:30:00,142.08627,116.19579
2013-12-21 06:40:00,152.99304,124.73958
2013-12-21 06:50:00,118.656975,137.90631
2013-12-21 07:00:00,147.33125,142.33664
2013-12-21 07:10:00,190.5125,152.29028
2013-12-21 07:20:00,157.04753,174.2692
2013-12-21 07:30:00,164.99596,187.87964
2013-12-21 07:40:00,186.3249,200.02835
2013-12-21 07:50:00,186.68721,216.17712
2013-12-21 08:00:00,205.55937,231.49477
2013-12-21 08:10:00,196.1886,249.82404
2013-12-21 08:20:00,191.43243,263.95203
2013-12-21 08:30:00,309.6655,273.80347
2013-12-21 08:40:00,279.31418,312.67236
2013-12-21 08:50:00,268.88684,346.2319
2013-12-21 09:00:00,373.0303,370.58746
2013-12-21 09:10:00,390.93958,416.27252
2013-12-21 09:20:00,502.5741,465.23956
2013-12-21 09:30:00,582.16016,537.0239
2013-12-21 09:40:00,601.16113,624.744
2013-12-21 09:50:00,754.68195,706.1133
2013-12-21 10:00:00,991.0584,812.948
2013-12-21 10:10:00,1191.5289,973.0402
2013-12-21 10:20:00,1183.1973,1171.9913
2013-12-21 10:30:00,1464.5922,1336.7825
2013-12-21 10:40:00,1627.2997,1539.7971
2013-12-21 10:50:00,1823.7963,1747.9025
2013-12-21 11:00:00,1806.946,1961.8308
2013-12-21 11:10:00,2013.1069,2106.819
2013-12-21 11:20:00,2429.8337,2254.859
2013-12-21 11:30:00,2454.5312,2484.5227
2013-12-21 11:40:00,2610.0925,2654.9275
2013-12-21 11:50:00,3039.9407,2811.3958
2013-12-21 12:00:00,3289.7625,3054.2627
2013-12-21 12:10:00,3277.9907,3305.4924
2013-12-21 12:20:00,3280.9685,3459.2444
2013-12-21 12:30:00,3712.048,3538.695
2013-12-21 12:40:00,3323.208,3729.9663
2013-12-21 12:50:00,3579.2656,3685.8677
2013-12-21 13:00:00,3672.2627,3740.9087
2013-12-21 13:10:00,3719.9592,3797.8394
2013-12-21 13:20:00,3381.267,3849.367
2013-12-21 13:30:00,3742.5396,3741.7378
2013-12-21 13:40:00,3613.5344,3821.0508
2013-12-21 13:50:00,3626.5444,3810.9424
2013-12-21 14:00:00,3952.7932,3816.0337
2013-12-21 14:10:00,4221.1035,3955.982
2013-12-21 14:20:00,4256.292,4154.052
2013-12-21 14:30:00,4343.9814,4291.7764
2013-12-21 14:40:00,4247.0474,4412.899
2013-12-21 14:50:00,4482.817,4434.3594
2013-12-21 15:00:00,4332.155,4541.5103
2013-12-21 15:10:00,4579.6787,4521.269
2013-12-21 15:20:00,4600.0444,4613.6255
2013-12-21 15:30:00,4888.6743,4660.859
2013-12-21 15:40:00,4814.1216,4812.2266
2013-12-21 15:50:00,5115.5303,4853.1006
2013-12-21 16:00:00,4931.132,5010.072
2013-12-21 16:10:00,5197.4214,4998.1733
2013-12-21 16:20:00,5152.1006,5109.697
2013-12-21 16:30:00,5161.938,5131.802
2013-12-21 16:40:00,5238.3193,5139.9175
2013-12-21 16:50:00,5195.2695,5166.864
2013-12-21 17:00:00,5096.8105,5147.055
2013-12-21 17:10:00,4723.406,5078.8623
2013-12-21 17:20:00,4707.66,4854.562
2013-12-21 17:30:00,4619.0444,4715.8975
2013-12-21 17:40:00,4474.9863,4580.384
2013-12-21 17:50:00,4293.826,4429.05
2013-12-21 18:00:00,4229.715,4255.2456
2013-12-21 18:10:00,3847.8635,4123.491
2013-12-21 18:20:00,3759.3162,3869.3728
2013-12-21 18:30:00,3328.4038,3688.4736
2013-12-21 18:40:00,3298.8416,3388.606
2013-12-21 18:50:00,3376.934,3210.0242
2013-12-21 19:00:00,3115.2852,3134.697
2013-12-21 19:10:00,2839.4736,2976.8738
2013-12-21 19:20:00,2628.2603,2777.3486
2013-12-21 19:30:00,2649.7197,2577.9849
2013-12-21 19:40:00,2409.6824,2471.6724
2013-12-21 19:50:00,2318.0325,2310.3618
2013-12-21 20:00:00,2096.1624,2185.6653
2013-12-21 20:10:00,1898.765,2026.6145
2013-12-21 20:20:00,1636.9043,1861.2703
2013-12-21 20:30:00,1420.6627,1667.2007
2013-12-21 20:40:00,1195.5848,1475.814
2013-12-21 20:50:00,1291.7339,1282.9081
2013-12-21 21:00:00,1121.3544,1205.3844
2013-12-21 21:10:00,1123.2998,1100.1144
2013-12-21 21:20:00,1009.4167,1044.632
2013-12-21 21:30:00,1009.5737,975.2714
2013-12-21 21:40:00,845.9599,937.213
2013-12-21 21:50:00,824.4452,860.7666
2013-12-21 22:00:00,1049.9863,808.5633
2013-12-21 22:10:00,899.4314,850.20197
2013-12-21 22:20:00,778.83716,828.8881
2013-12-21 22:30:00,784.3658,779.9794
2013-12-21 22:40:00,847.26514,749.4766
2013-12-21 22:50:00,807.616,748.41766
2013-12-21 23:00:00,717.5035,735.61945
2013-12-21 23:10:00,554.8814,699.87616
2013-12-21 23:20:00,431.04718,624.98676
2013-12-21 23:30:00,450.61215,535.45605
2013-12-21 23:40:00,378.2581,480.12573
2013-12-21 23:50:00,413.0446,421.9737
2013-12-22 00:00:00,416.8296,396.0583
2013-12-22 00:10:00,471.00955,383.35205
2013-12-22 00:20:00,364.3126,395.04382
2013-12-22 00:30:00,317.07718,375.2492
2013-12-22 00:40:00,296.8996,348.3799
2013-12-22 00:50:00,202.74721,322.70233
2013-12-22 01:00:00,218.88101,276.7589
2013-12-22 01:10:00,220.17166,247.833
2013-12-22 01:20:00,203.0266,228.32123
2013-12-22 01:30:00,209.5705,211.31
2013-12-22 01:40:00,187.73396,202.56723
2013-12-22 01:50:00,179.95674,191.65918
2013-12-22 02:00:00,176.40178,182.24002
2013-12-22 02:10:00,158.61143,174.7521
2013-12-22 02:20:00,179.7534,164.56445
2013-12-22 02:30:00,155.42879,162.75317
2013-12-22 02:40:00,161.61684,155.29097
2013-12-22 02:50:00,163.42894,151.0362
2013-12-22 03:00:00,154.28816,148.38387
2013-12-22 03:10:00,142.01357,143.9334
2013-12-22 03:20:00,155.68127,136.85999
2013-12-22 03:30:00,147.15718,134.66342
2013-12-22 03:40:00,156.03911,131.01352
2013-12-22 03:50:00,151.39172,130.53749
2013-12-22 04:00:00,144.24457,129.28897
2013-12-22 04:10:00,145.34608,126.32555
2013-12-22 04:20:00,149.29715,124.036385
2013-12-22 04:30:00,156.20477,123.34243
2013-12-22 04:40:00,148.22444,125.00026
2013-12-22 04:50:00,137.28139,124.71852
2013-12-22 05:00:00,175.68718,121.449455
2013-12-22 05:10:00,188.8816,128.85994
2013-12-22 05:20:00,153.52303,140.37764
2013-12-22 05:30:00,166.23944,141.48337
2013-12-22 05:40:00,139.73802,144.32596
2013-12-22 05:50:00,167.06377,139.68988
2013-12-22 06:00:00,157.21971,142.0676
2013-12-22 06:10:00,191.82173,143.06293
2013-12-22 06:20:00,174.44112,153.66907
2013-12-22 06:30:00,181.11992,160.60303
2013-12-22 06:40:00,198.58919,168.23834
2013-12-22 06:50:00,175.94362,180.19037
2013-12-22 07:00:00,185.95343,185.86475
2013-12-22 07:10:00,169.4521,192.57504
2013-12-22 07:20:00,143.36398,194.49902
2013-12-22 07:30:00,193.89926,188.7082
2013-12-22 07:40:00,184.47607,196.60947
2013-12-22 07:50:00,240.31914,204.88184
2013-12-22 08:00:00,326.52258,228.54059
2013-12-22 08:10:00,215.69339,276.7624
2013-12-22 08:20:00,260.60254,294.78003
2013-12-22 08:30:00,264.78928,314.90985
2013-12-22 08:40:00,250.56296,332.65198
2013-12-22 08:50:00,314.787,342.19672
2013-12-22 09:00:00,313.99716,365.80695
2013-12-22 09:10:00,307.73666,388.46484
2013-12-22 09:20:00,368.32416,406.05658
2013-12-22 09:30:00,479.69916,435.94708
2013-12-22 09:40:00,485.31552,494.86066
2013-12-22 09:50:00,637.48254,552.60425
2013-12-22 10:00:00,769.5695,643.1448
2013-12-22 10:10:00,1042.939,763.7045
2013-12-22 10:20:00,1120.0114,947.32227
2013-12-22 10:30:00,1506.1578,1132.6692
2013-12-22 10:40:00,1612.749,1395.9728
2013-12-22 10:50:00,1948.4683,1649.3903
2013-12-22 11:00:00,1964.9064,1944.1207
2013-12-22 11:10:00,2264.9587,2169.3938
2013-12-22 11:20:00,2556.0422,2408.4355
2013-12-22 11:30:00,2781.1304,2661.319
2013-12-22 11:40:00,2721.041,2902.8657
2013-12-22 11:50:00,2945.836,3028.3257
2013-12-22 12:00:00,3088.5342,3158.8132
2013-12-22 12:10:00,3307.9297,3271.9075
2013-12-22 12:20:00,3401.1375,3408.7805
2013-12-22 12:30:00,3480.9958,3520.702
2013-12-22 12:40:00,3382.0596,3612.54
2013-12-22 12:50:00,3540.3796,3621.6106
2013-12-22 13:00:00,3520.159,3677.3154
2013-12-22 13:10:00,3635.4126,3696.595
2013-12-22 13:20:00,3604.9355,3752.5227
2013-12-22 13:30:00,3322.62,3773.6846
2013-12-22 13:40:00,3709.6125,3671.6626
2013-12-22 13:50:00,3698.953,3766.5535
2013-12-22 14:00:00,3807.0195,3815.661
2013-12-22 14:10:00,3881.282,3897.3923
2013-12-22 14:20:00,4090.7812,3978.7576
2013-12-22 14:30:00,4110.3506,4116.17
2013-12-22 14:40:00,4074.694,4202.305
2013-12-22 14:50:00,3939.6633,4234.4287
2013-12-22 15:00:00,4441.4775,4186.2764
2013-12-22 15:10:00,4475.815,4367.8125
2013-12-22 15:20:00,4638.5596,4472.332
2013-12-22 15:30:00,4911.654,4604.7207
2013-12-22 15:40:00,4693.617,4795.1504
2013-12-22 15:50:00,4772.321,4794.372
2013-12-22 16:00:00,4917.944,4824.3394
2013-12-22 16:10:00,5202.037,4889.7056
2013-12-22 16:20:00,5496.4404,5042.207
2013-12-22 16:30:00,5148.8115,5251.371
2013-12-22 16:40:00,5170.4727,5195.97
2013-12-22 16:50:00,5197.569,5173.6455
2013-12-22 17:00:00,5111.876,5154.3306
2013-12-22 17:10:00,5203.0317,5087.746
2013-12-22 17:20:00,4704.4346,5082.7314
2013-12-22 17:30:00,4574.6064,4831.546
2013-12-22 17:40:00,4689.8677,4631.9946
2013-12-22 17:50:00,4508.6577,4559.543
2013-12-22 18:00:00,4076.4365,4420.943
2013-12-22 18:10:00,3945.8662,4143.831
2013-12-22 18:20:00,3792.1099,3931.04
2013-12-22 18:30:00,3426.2136,3733.4243
2013-12-22 18:40:00,3258.95,3456.2876
2013-12-22 18:50:00,3132.6306,3229.7576
2013-12-22 19:00:00,2755.7332,3043.876
2013-12-22 19:10:00,2439.4658,2777.949
2013-12-22 19:20:00,2133.372,2501.4734
2013-12-22 19:30:00,1886.3403,2221.5876
2013-12-22 19:40:00,1736.2622,1965.8151
2013-12-22 19:50:00,1414.5424,1762.8167
2013-12-22 20:00:00,1426.4116,1526.1544
2013-12-22 20:10:00,1313.5432,1399.5864
2013-12-22 20:20:00,1210.7015,1285.0494
2013-12-22 20:30:00,1004.9643,1186.4788
2013-12-22 20:40:00,878.2758,1059.7361
2013-12-22 20:50:00,916.84094,943.74054
2013-12-22 21:00:00,756.34454,887.7241
2013-12-22 21:10:00,573.801,800.21875
2013-12-22 21:20:00,561.53125,689.41614
2013-12-22 21:30:00,604.3314,617.543
2013-12-22 21:40:00,415.2736,586.0017
2013-12-22 21:50:00,512.7652,507.98187
2013-12-22 22:00:00,696.9035,491.26562
2013-12-22 22:10:00,547.44727,538.63995
2013-12-22 22:20:00,431.02182,526.6106
2013-12-22 22:30:00,381.10562,485.10077
2013-12-22 22:40:00,402.65027,440.06256
2013-12-22 22:50:00,363.70206,413.82953
2013-12-22 23:00:00,364.70593,383.67993
2013-12-22 23:10:00,293.6267,363.86993
2013-12-22 23:20:00,271.79803,329.89682
2013-12-22 23:30:00,254.00237,300.33597
2013-12-22 23:40:00,280.6933,274.81616
2013-12-22 23:50:00,230.58522,265.49707
